<?xml version="1.0" encoding="UTF-8"?>
<!DOCTYPE fontscolors PUBLIC "-//NetBeans//DTD Editor Fonts and Colors settings 1.2//EN" "http://netbeans.apache.org/dtds/EditorFontsColors-1_2.dtd">
<fontscolors>
    <fontcolor default="identifier" foreColor="ff00ccff" name="identifier"/>
    <fontcolor default="field" foreColor="magenta" name="mod-field"/>
    <fontcolor default="keyword" name="mod-keyword"/>
    <fontcolor default="string" foreColor="white" name="string"/>
    <fontcolor default="field" name="mod-record-component"/>
    <fontcolor bgColor="ffeedddd" name="mod-unindented-text-block"/>
    <fontcolor default="class" name="mod-class"/>
    <fontcolor default="identifier" name="mod-module-declaration">
        <font style="bold"/>
    </fontcolor>
    <fontcolor default="operator" foreColor="yellow" name="operator"/>
    <fontcolor default="number" foreColor="white" name="number"/>
    <fontcolor default="field" name="mod-record-component-declaration"/>
    <fontcolor default="identifier" name="mod-record"/>
    <fontcolor default="comment" foreColor="ff009933" name="comment"/>
    <fontcolor default="identifier" name="mod-module"/>
    <fontcolor default="field" foreColor="magenta" name="mod-field-declaration"/>
</fontscolors>
