<?xml version="1.0" encoding="UTF-8"?>
<!DOCTYPE fontscolors PUBLIC "-//NetBeans//DTD Editor Fonts and Colors settings 1.2//EN" "http://netbeans.apache.org/dtds/EditorFontsColors-1_2.dtd">
<fontscolors>
    <fontcolor name="org-netbeans-spi-editor-hints-parser_annotation_hint_fixable"/>
    <fontcolor name="PinnedWatch"/>
    <fontcolor name="editor-bookmark"/>
    <fontcolor name="org-netbeans-modules-editor-annotations-overrides"/>
    <fontcolor name="org-netbeans-spi-editor-hints-parser_annotation_todo_fixable"/>
    <fontcolor name="OtherThread"/>
    <fontcolor name="org-netbeans-spi-editor-hints-parser_annotation_todo"/>
    <fontcolor name="OtherThreads"/>
    <fontcolor name="org-netbeans-spi-editor-hints-parser_annotation_warn"/>
    <fontcolor name="org-netbeans-spi-editor-hints-parser_annotation_warn_fixable"/>
    <fontcolor name="org-netbeans-modules-mercurial-Annotation"/>
    <fontcolor name="org-netbeans-spi-editor-hints-parser_annotation_err_fixable"/>
    <fontcolor name="org-netbeans-modules-versioning-annotate-Annotation"/>
    <fontcolor name="org-netbeans-spi-editor-hints-parser_annotation_verifier"/>
    <fontcolor name="org-netbeans-spi-editor-hints-parser_annotation_verifier_fixable"/>
    <fontcolor name="org-netbeans-spi-editor-hints-parser_annotation_err"/>
    <fontcolor name="org-netbeans-modules-editor-annotations-implements-has-implementations-combined"/>
    <fontcolor name="org-netbeans-spi-editor-hints-parser_annotation_hint"/>
    <fontcolor name="org-netbeans-modules-subversion-Annotation"/>
    <fontcolor name="org-netbeans-modules-editor-annotations-has_implementations"/>
    <fontcolor name="org-netbeans-modules-editor-annotations-implements"/>
    <fontcolor name="org-netbeans-modules-editor-annotations-implements-is-overridden-combined"/>
    <fontcolor bgColor="ffffa0a0" name="org-netbeans-modules-xml-error"/>
    <fontcolor name="org-netbeans-modules-editor-annotations-override-is-overridden-combined"/>
    <fontcolor name="org-netbeans-modules-editor-annotations-is_overridden"/>
    <fontcolor name="org-netbeans-modules-git-Annotation"/>
</fontscolors>
