<?xml version="1.0" encoding="UTF-8"?>
<!DOCTYPE fontscolors PUBLIC "-//NetBeans//DTD Editor Fonts and Colors settings 1.2//EN" "http://netbeans.apache.org/dtds/EditorFontsColors-1_2.dtd">
<fontscolors>
    <fontcolor bgColor="ff201f1f" foreColor="white" name="default">
        <font name="Consolas" size="16"/>
    </fontcolor>
    <fontcolor name="warning" waveUnderlined="yellow"/>
    <fontcolor foreColor="green" name="comment">
        <font style="italic"/>
    </fontcolor>
    <fontcolor name="separator"/>
    <fontcolor name="url" underline="blue"/>
</fontscolors>
